slug,name,academy_class,year_start,last_updated,website,birth_info
abir-kobeissi,Abir Kobeissi,Voigt,2017,2026-03-19,http://www.abirkobeissi.com/,
tanja-fender,Tanja Fender,Prangenberg,2002,2026-03-18,http://kunstverein-rosenheim.de/?p=981,
robert-weissenbacher,Robert Weissenbacher,Ingold,2004,2026-03-01,https://www.robert-weissenbacher.eu/biographie,
pavel-sinev,Pavel Sinev,Pitz,2006,2026-02-28,http://www.martplace.de/home.html,
lydiane-lutz,Lydiane Lutz,Wähner,2002,2026-02-17,http://lydianelutz.de,
katharina-burger,Katharina Burger,Hien,2021,2026-02-09,http://www.katharinaburger.com,
stephanie-mueller,Stephanie Müller,Schottenloher,2009,2026-02-05,http://alligatorgozaimasu.bandcamp.com/album/episode-1-solange-bunte-balken-durchlaufen,
kirsten-kleie,Kirsten Kleie,Rehm,2009,2026-02-03,http://sexliebeleben.de/?port=austellung-5-sophia-suessmilch-finisage-gespraech-am-15-februar-2020-ab-19-30-uhr,
quirin-empl,Quirin Empl,Ingold,2006,2026-01-18,http://www.mayerempl.de/,
matthias-wurm,Matthias Wurm,Prangenberg,2006,2026-01-14,http://www.pfaffenhofen.de/artikel/matthias-wurm-kulturfoerderpreistraeger-2022/,
alexandra-hauschka,Alexandra Hauschka,Zeniuk,1995,2026-01-06,http://www.etracker.com,
chi-shin-kim,Chi-Shin Kim,Jetelova,2008,2026-01-05,http://jetklasseseoul.blogspot.com/,
zhenya-li,Zhenya Li,Bruch,2008,2025-12-19,http://www.zhenya-li.de,
seung-il-chung,Seung-il Chung,Jetelova,2006,2025-12-07,http://www.seungilchung.com,
annemarie-faupel,Annemarie Faupel,Kneffel,2016,2025-12-01,http://www.etracker.com,
tibor-pogonyi,Tibor Pogonyi,Doberauer,2000,2025-11-12,http://www.etracker.com,
eva-zenetti,Eva Zenetti,Hien,2005,2025-10-26,http://www.evazenetti.com/,
martina-mair,Martina Mair,Zeniuk,2002,2025-10-09,http://www.etracker.com,
patricia-wich,Patricia Wich,Prangenberg,2002,2025-09-18,http://www.kunstforum.de/nachrichten.aspx?id=11863,
leonid-hrytsak,Leonid Hrytsak,Prangenberg,2006,2025-08-14,http://artpolitics.org/,
adrine-ter-arakelyan,Adrine Ter-Arakelyan,Kasseböhmer,2012,2025-08-01,http://www.etracker.com,
timur-lukas,Timur Lukas,Hildebrandt,2011,2025-07-16,http://www.timur-lukas.de/,
camilla-nicklaus-maurer,Camilla Nicklaus-Maurer,Jetelová,2005,2025-07-15,http://www.sueddeutsche.de/muenchen/dachau/kunst-in-dachau-geist-und-geruch-1.2940915,1983
christiane-schachtner,Christiane Schachtner,Dillemuth,2003,2025-07-04,http://www.pinakothek.de/de/wie-bilder-erzaehlen,
lenka-richterova,Lenka Richterová,Jetelová,2009,2025-06-30,http://www.youtube.com/watch?v=XgI3UZHOgWg,
daria-wendland,Daria Wendland,Nicolai,2006,2025-06-02,http://www.art-visuals.de,
vero-wendland,Vero Wendland,Zeniuk,2005,2025-06-02,http://www.art-visuals.de,
simone-braitinger,Simone Braitinger,Kasseböhmer,1993,2025-05-20,http://www.etracker.com,
katharina-ulke,Katharina Ulke,Scully,2004,2025-05-05,http://www.tascafilmsmunich.de/filmessays/,
andrea-zabric,Andrea Zabric,Fries,2012,2025-05-05,http://www.etracker.com,
esther-zellmer,Esther Zellmer,Zeniuk,1994,2025-05-04,http://www.etracker.com,
daniel-engelberg,Daniel Engelberg,Pitz,2010,2025-04-28,http://www.etracker.com,
atigula-aziz,Atigula Aziz,Kasseböhmer,2000,2025-04-15,http://www.atigula-aziz.de/,
sergio-magallanes,Sergio Magallanes,Metzel,2004,2025-03-25,http://www.etracker.com,
karolin-nirschl,Karolin Nirschl,http://www.jahresausstellung2023.de/uebersicht/freie-kunst/klasse-alexi-meskhisvili.html,2016,2025-03-20,http://www.adbk.de/de/diplom-25/karolin-nirschl.html,
magdalena-waller,Magdalena Waller,Kasseböhmer,2009,2025-03-16,http://www.goldberggalerie.de/,
jasmine-duerr,Jasmine Dürr,Ingold,2004,2025-02-18,http://jasmineduerr.wordpress.com/,
ece-gauer,Ece Gauer,Kasseböhmer,2010,2025-02-17,http://www.munichlimited.com/,
katharina-pabst,Katharina Pabst,Pitz,2006,2025-02-11,http://www.etracker.com,
bastian-maria-meindl,Bastian Maria Meindl,Anke Doberauer,2015,2025-02-10,http://www.etracker.com,
julia-mussgnug,Julia Mussgnug,Rosefeldt,2016,2025-02-05,http://www.NOTEXISTING.com,
madeleine-schollerer,Madeleine Schollerer,Hien,2004,2025-01-23,http://www.instagram.com/madeleineschollerer/,
robert-haubelt,Robert Haubelt,Wähner,2004,2025-01-12,http://www.etracker.com,
eunji-seo,Eunji Seo,Florian Pumösl,2013,2025-01-05,http://www.eunjiseo.com/,
robert-rudigier,Robert Rudigier,Förg,2010,2024-12-07,http://www.etracker.com,
thomas-wiedemann,Thomas Wiedemann,Dillemuth,2003,2024-11-05,http://www.etracker.com,
maris-kivimaee,Maris Kivimäe,Connert,2013,2024-10-16,http://www.etracker.com,
andreana-dobreva,Andreana Dobreva,Doberauer,2012,2024-10-14,http://www.etracker.com,
sophie-lindner,Sophie Lindner,Hermann Pitz,2016,2024-09-28,http://www.etracker.com,
judith-goldschmid,Judith Goldschmid,Lang,2001,2024-09-26,http://www.etracker.com,
felix-hoerhager,Felix Hörhager,Klaus vom Bruch,2000,2024-09-25,http://www.videoart.space,
lisiena-arifi,Lisiena Arifi,Zeniuk,2008,2024-08-08,http://www.etracker.com,
alessandro-bostelmann,Alessandro Bostelmann,Oehlen,2011,2024-07-19,http://www.alessandrobostelmann.com/,
franziska-seitz,Franziska Seitz,http://www.klasse-hien.de,2008,2024-07-12,http://www.klasse-hien.de,
martin-loew,Martin Löw,Zeniuk,2000,2024-07-08,https://www.martinloew.de,
julia-burek,Julia Burek,Karin Kneffel,2017,2024-06-20,http://www.juliaburek.com/,
diana-akoto-yip,Diana Akoto-Yip,Bruch,2009,2024-06-18,http://www.d-ay.work/,
katharina-neuweg,Katharina Neuweg,Förg,2007,2024-06-06,http://www.katharinaneuweg.de,
tamara-flade,Tamara Flade,Jetelova,2007,2024-05-16,http://www.blauenacht.nuernberg.de,
eun-young-lee,Eun Young Lee,Axel Kasseböhmer,2014,2024-05-07,http://www.eun-young.com,
an-laphan,An Laphan,Bruch,2010,2024-05-05,https://laphanelephant.com/,
dorothee-simbeck,Dorothee Simbeck,Kasseböhmer,2002,2024-05-04,http://www.etracker.com,
raik-gupin,Raik Gupin,Karin Kneffel,2008,2024-05-04,http://www.etracker.com,
florian-baumgartner,Florian Baumgartner,Stephan Dillemuth,2002,2024-04-08,http://www.florianathanatosbaumgartner.com,
martina-zoels,Martina Zöls,Wähner,2002,2024-03-29,http://www.defender2travel.com,
johannes-hlawon,Johannes Hlawon,Dillemuth,2002,2024-03-15,http://www.etracker.com,
simon-wenz,Simon Wenz,Pitz,2017,2024-03-13,http://www.adbk.de/de/diplom-24/4595-simon-wenz.html,
ismael-dua,Ismael Duá,Weizsäcker,2007,2024-03-13,http://www.ismael.tv,
sophia-lubin,Sophia Lubin,Hien,2016,2024-03-09,http://www.etracker.com,
asta-unger,Asta von Unger,Förg,2006,2024-02-07,http://www.etracker.com,"1970, Frankfurt am Main"
stela-vula,Stela Vula,Huber,2013,2024-02-02,https://stelavula.com/,
hyundeok-hwang,Hyundeok Hwang,Markus Oehlen,2016,2024-01-28,http://www.etracker.com,
lena-teresa-flohrschuetz,Lena Teresa Flohrschütz,Bruch,2010,2024-01-25,http://LenaTeresaFlohrschuetz.com/,
dominik-bais,Dominik Bais,Rosefeldt,2012,2024-01-11,http://www.etracker.com,
valentina-eppich,Valentina Eppich,Pia Fries,2014,2024-01-09,http://www.etracker.com,
nele-mueller,Nele Müller,Schneider,2006,2023-12-16,https://www.br.de/mediathek/podcast/artmix-galerie/nele-mueller-audioguide/32455/,
klaus-erich-dietl,Klaus Erich Dietl,Schottenloher,1995,2023-12-14,http://alligatorgozaimasu.bandcamp.com/album/episode-1-solange-bunte-balken-durchlaufen,
constanze-pladek,Constanze Pladek,Zeniuk,1996,2023-12-06,http://www.etracker.com,
jungmin-park,Jungmin Park,Bustamante,2010,2023-11-09,http://www.etracker.com,
jakob-steiger,Jakob Steiger,Wähner,2010,2023-11-05,http://www.instagram.com/jakobsteiger/?hl=de,
eunah-hong,Eunah Hong,Doberauer,2008,2023-10-04,http://www.hongeunah.com,
louisa-abdelkader,Louisa Abdelkader,Hien,2006,2023-09-13,http://www.louisaabdelkader.de/,
janina-roider,Janina Roider,Förg,2006,2023-08-23,http://www.janinaroider.com,
margrieta-wever,Margrieta Wever,Klaus vom Bruch,2006,2023-08-12,http://www.margrieta-wever.de,
bokyeom-kwon,Bokyeom Kwon,Karin Kneffel,2020,2023-08-01,http://www.etracker.com,
laura-stracke,Laura Stracke,Prangenberg,2006,2023-07-02,http://www.etracker.com,
johanna-kunze,Johanna Kunze,Wähner,2010,2023-06-26,http://www.instagram.com/jay.ccount/,
antonio-sarcinella,Antonio Sarcinella,Doberauer,2017,2023-06-26,https://www.antoniosarcinella.com,
jonas-pretterer,Jonas Pretterer,Albert Hien,2015,2023-06-12,http://www.etracker.com,
florian-donnerstag,Florian Donnerstag,Oehlen,2017,2023-06-12,http://www.instagram.com/floriandonnerstag,
veronica-burnuthian,Veronica Burnuthian,Markus Oehlen,2016,2023-04-22,http://www.regalizmenta.com,
aron-herdrich,Aron Herdrich,Pia Fries,2011,2023-04-19,http://www.etracker.com,
anselma-murswiek,Anselma Murswiek,Jorinde Voigt,2014,2023-03-21,http://www.anselma-murswiek.com/,
jakob-wilsdorf,Jakob Wilsdorf,Albert Hien,2011,2023-03-06,http://jakobwilsdorf.de,
josef-koestlbacher,Josef Köstlbacher,Oehlen,2011,2023-02-19,http://www.malso13.com/,
katja-bonnlaender,Katja Bonnländer,Schottenloher,1999,2023-02-14,http://www.etracker.com,
lukas-hoffmann,Lukas Hoffmann,Hien,2013,2023-02-10,http://www.lukashoffmann.org/,
lukas-loske,Lukas Loske,Rehm,2014,2023-02-07,http://www.lukasloske.com/,
sandra-zech,Sandra Zech,Gregor Schneider,2014,2023-02-07,http://www.etracker.com,
sri-maryanto,Sri Maryanto,Oehlen,2012,2023-02-03,http://www.srimaryanto.com/,
julia-emslander,Julia Emslander,Doberauer,2015,2023-01-09,http://www.etracker.com,
olga-goloshchapova,Olga Goloshchapova,Huber,2011,2022-12-13,http://www.etracker.com,
karolina-vocke,Karolina Vocke,Anke Doberauer,2014,2022-11-18,http://www.karolinavocke.com,
tobias-maier,Tobias Maier,Hien,2014,2022-11-06,http://www.etracker.com,
roman-cherezov,Roman Cherezov,Kasseböhmer,2015,2022-11-02,http://www.etracker.com,
jonghoon-im,Jonghoon Im,Jorinde Voigt,2014,2022-11-01,http://jonghoonim.com/,
barbara-trommeter,Barbara Trommeter,Ingold,2001,2022-10-28,http://www.trommeter.com,
marie-madlen-weber,Marie-Madlen Weber,Hien,2005,2022-10-27,http://www.marie-madlen.com/  ,
marile-holzner,Marile Holzner,Kneffel,2010,2022-10-13,http://www.etracker.com,
theo-hofmann,Theo Hofmann,Ingold,2005,2022-09-13,http://www.theohofmann.de,
andreas-lech,Andreas Lech,Oehlen,2012,2022-09-07,http://www.etracker.com,
minjae-lee,Minjae Lee,Gregor Schneider,2015,2022-07-27,https://www.instagram.com/minjae.m4h/,
eva-lachhammer,Eva Lachhammer,Ingold,2004,2022-07-26,http://www.etracker.com,
simone-kellermann,Simone Kellermann,Hildebrand,2010,2022-07-25,http://www.etracker.com,
nicolai-schneider,Nicolai Schneider,Rehm,2014,2022-07-18,http://www.etracker.com,
andreas-woller,Andreas Woller,Hien,2008,2022-07-13,http://www.andreaswoller.com,
youngjun-lee,Youngjun Lee,Oehlen,2013,2022-07-12,https://www.youngjunlee.com/,
tom-schulhauser,Tom Schulhauser,Doberauer,2009,2022-07-05,http://www.tomschulhauser.com,
carolin-wenzel,Carolin Wenzel,Hien,2003,2022-06-27,http://youtu.be/Wqscjs42dQM,
carina-steidele,Carina Steidele,Res Ingold,2005,2022-06-09,http://www.etracker.com,
yuko-takatsudo,Yuko Takatsudo,Zeniuk,2010,2022-05-28,http://www.etracker.com,
mehmet-kazim,Mehmet Kazim,Oehlen,2015,2022-05-14,https://www.mehmetandkazim.com/,
rezka-hrabcova,Rezka Hrabcova,Prangenberg,2007,2022-04-26,http://www.etracker.com,
barbara-schrobenhauser,Barbara Schrobenhauser,Künzli,2007,2022-04-03,http://www.thomasalbdorf.com,
sonja-kubuschok,Sonja Kubuschok,Ingold,2011,2022-03-30,http://www.etracker.com,
sophia-sandler,Sophia Sandler,Hien,2013,2022-03-28,http://www.etracker.com,
jie-li,Jie Li,Kasseböhmer,2013,2022-03-14,http://www.etracker.com,
domino-pyttel,Domino Pyttel,Huber,2010,2022-03-08,http://www.etracker.com,
usija-wallner,Usija Wallner,Dillemuth,2002,2022-02-14,http://www.usijawallner.wordpress.com,
julia-schewalie,Julia Schewalie,Pitz,2009,2022-02-06,http://www.juliaschewalie.com,
nikolai-guembel,Nikolai Gümbel,Bircken,2015,2022-02-03,http://www.etracker.com,
simone-strasser,Simone Strasser,Doberauer,2003,2022-01-18,http://www.etracker.com,
jaemin-lee,Jaemin Lee,Günther Förg,2013,2022-01-12,http://www.etracker.com,
johanna-aigner,Johanna Aigner,Pitz,2003,2022-01-09,http://www.etracker.com,
lilian-robl,Lilian Robl,Huber,2012,2021-12-12,http://www.lilianrobl.de/,1990
jayhyung-kim,Jayhyung Kim,Kasseböhmer,2014,2021-11-10,http://www.Jayhyung.com,
sebastian-mayrhofer,Sebastian Mayrhofer,Ingold,2009,2021-10-29,http://www.sebastian-mayrhofer.com,
kathrin-partelli,Kathrin Partelli,Pitz,2003,2021-10-22,http://partelli.de/,
moritz-moll,Moritz Moll,Anke Doberauer,2015,2021-10-19,http://www.etracker.com,
karin-schedlbauer,Karin Schedlbauer,Stephan Huber,2010,2021-10-13,http://www.karin-schedlbauer.de/wp-content/uploads/Portfolio_KarinsMedia_2021_CV_END_comp_5MB.pdf,
lara-eckert,Lara Eckert,Kneffel,2008,2021-10-08,http://www.etracker.com,
jan-rybnicek,Jan Rybnicek,Oehlen,2012,2021-09-29,http://www.novagalerie.cz/exhibition/v-lese-vesele/,
chen-xin,Chen Xin,Oehlen,2002,2021-09-17,http://www.etracker.com,
anais-cousin,Anaïs Cousin,Doberauer,2014,2021-09-15,http://www.anaiscousin.com,
nassermann,Nassermann,Klaus vom Bruch,2004,2021-09-06,http://www.etracker.com,
mara-pollak,Mara Pollak,Julian Rosefeldt,2012,2021-09-01,http://www.marapollak.com,
isabelle-tondre,Isabelle Tondre,Jean-Marc Bustamante,2013,2021-08-18,http://www.youtu.be/FBhQgZvd0FU,"1992 Krasnodar, Russia"
xenia-fumbarev,Xenia Fumbarev,Bustamante,2012,2021-07-28,http://xeniafumbarev.com,
donata-kataria,Donata Kataria,Pitz,2003,2021-07-27,http://www.mt-online.de/lokales/kultur/3054808_Voluminoese_Wortspiele.html,
taeeun-kim,Taeeun Kim,Florian Pumhösl,2017,2021-07-20,http://www.etracker.com,
julia-wucharz,Julia Wucharz,Fries,2014,2021-07-17,http://www.etracker.com,
sophia-mainka,Sophia Mainka,Huber,2012,2021-07-17,http://www.etracker.com,
simon-hartl,Simon Hartl,Rehm,2019,2021-07-09,http://www.etracker.com,
stefanie-brehm,Stefanie Brehm,Prangenberg,2006,2021-06-22,http://www.stefaniebrehm.de,
samaya-almas-thier,Samaya Almas Thier,Bustamante,2006,2021-06-20,http://www.samayathier.de,
luminita-mihailicenco,Luminita Mihailicenco,Kasseböhmer,2005,2021-06-14,http://www.art-lumi.com,
andrej-auch,Andrej Auch,Kneffel,2015,2021-06-03,http://www.etracker.com,
julia-zaunitzer,Julia Zaunitzer,Hien,2012,2021-05-31,http://www.etracker.com,
rebecca-ruchti,Rebecca Ruchti,Wermers,2016,2021-04-28,http://www.etracker.com,
haiying-xu,Haiying Xu,Doberauer,2003,2021-04-10,http://www.haiying-xu.com/,
shinae-kim,Shinae Kim,Nicolai,2008,2021-03-28,http://www.shinaekim.com,
judith-schenkirz,Judith Schenkirz,Dillemuth,1996,2021-03-21,http://www.judithschenkirz.de/,
janina-totzauer,Janina Totzauer,Rosefeldt,2012,2021-03-20,http://www.janinatotzauer.de,
jennifer-schilling-schittenhelm,Jennifer Schilling-Schittenhelm,Wähner,2003,2021-03-14,http://www.etracker.com,
tom-messavilla-,Tom Messavilla,Anke Doberauer,2016,2021-03-06,http://www.tommessavilla.com,
eva-maria-sandorova,Eva-Maria Sandorova,Wäner,2010,2021-03-05,http://vimeo.com/78643158,
andrei-hancu,Andrei Hancu,Kogler,2015,2021-03-02,http://andreihancu.com/,
esther-zahel,Esther Zahel,Förg,2013,2021-02-22,http://www.estherzahel.com,
uli-ball,Uli Ball,Doberauer,2008,2021-02-17,http://www.etracker.com,
johannes-herrmann,Johannes Herrmann,Förg,2013,2021-02-17,http://www.johannesherrmann.com/,
angelika-ecker-pippig,Angelika Ecker-Pippig,Zeniuk,2002,2021-02-16,http://www.etracker.com,
elizaveta-reich,Elizaveta Reich,Doberauer,2000,2021-02-10,http://www.liza-reich.com/,
julia-smirnova,Julia Smirnova,Bustamante,2009,2021-02-08,http://juliasmirnova.com/,
sebastian-gumpinger,Sebastian Gumpinger,Marc Bustamante,2009,2021-02-07,http://www.sebastiangumpinger.com,
florian-freier,Florian Freier,Matthias Wähner,2002,2021-01-23,http://florianfreier.de/eyeofgod,
karen-ernst,Karen Ernst,Pitz,2007,2021-01-18,http://www.etracker.com,
manuel-rumpf,Manuel Rumpf,Doberauer,2006,2021-01-08,https://www.manuelrumpf.de/,
xenia-hartok,Xenia Hartok,Doberauer,2016,2020-12-30,http://www.xeniahartok.de,
martin-sebastian-feist,Martin Sebastian Feist,Zeniuk,2009,2020-11-28,http://bavaria-art.ning.com/profiles/profile/show?id=MartinSebastianFeist,
ana-pusica,Ana Pusica,Doberauer,2009,2020-11-27,http://ana-pusica.com/,
susu-gorth,Susu Gorth,Stephan Huber,1999,2020-11-27,http://www.etracker.com,
robin-thomas,Robin Thomas,Dieter Rehm,2005,2020-11-19,http://www.etracker.com,
aida-sadat,Aida Sadat,Voigt,2012,2020-11-11,http://www.etracker.com,
viktor-rencelj,Viktor Rencelj,Rehm,2011,2020-11-08,http://www.etracker.com,
jiyun-cheon,Jiyun Cheon,Doberauer,2008,2020-11-04,http://www.etracker.com,
stefanie-hammann,Stefanie Hammann,Metzel,2008,2020-10-19,http://www.etracker.com,
jaime-gajardo,Jaime Gajardo,Doberauer,2006,2020-10-10,http://www.etracker.com,
martin-spitzweck,Martin Spitzweck,Hien,2013,2020-09-20,http://www.etracker.com,
nadja-beryl-jerczynski,Nadja Beryl Jerczynski,Scully,1996,2020-09-13,http://www.etracker.com,
stefanie-gerstmayr,Stefanie Gerstmayr,Rehm,2008,2020-09-03,http://www.sensory-receptors.com,
linda-lerch,Linda Lerch,Ingold,2006,2020-08-30,http://www.etracker.com,
julia-winter,Julia Winter,Zeniuk,2007,2020-08-24,http://www.etracker.com,
verena-kehrer,Verena Kehrer,Prangenberg,2007,2020-08-20,http://www.etracker.com,
mariya-vasilyeva,Mariya Vasilyeva,Bruch,2013,2020-08-09,https://www.instagram.com/mariyavasilyeva93/,
paul-valentin,Paul Valentin,Stephan Huber,2012,2020-08-08,http://www.paulvalentin.de,
dana-greiner,Dana Greiner,Pia Fries,2010,2020-08-04,http://www.danagreiner.com,
jessica-grundler,Jessica Grundler,Karin Kneffel,2014,2020-07-26,http://www.etracker.com,
bianca-kennedy,Bianca Kennedy,Bruch,2011,2020-07-17,http://www.biancakennedy.com,
lea-wilsdorf,Lea Wilsdorf,Ingold,2013,2020-07-11,http://www.etracker.com,
jana-schuetzenduebel,Jana Schützendübel,Brack,2008,2020-07-09,http://www.etracker.com,
sakiko-fukaya,Sakiko Fukaya,Kasseboehmer,2012,2020-07-07,https://sakikofukaya.tumblr.com/,
lucia-cristobal-marin,Lucia Cristobal Marin,Baumschlager,2011,2020-07-03,http://www.etracker.com,
leo-heinik,Leo Heinik,Dillemuth,2011,2020-06-29,http://www.leoheinik.net,
fabian-beger,Fabian Beger,Oehlen,2018,2020-06-29,http://www.etracker.com,
michael-lippmann,Michael Lippmann,Kogler,2014,2020-06-07,http://www.etracker.com,
judith-grassl,Judith Grassl,Doberauer,2008,2020-06-06,http://www.judithgrassl.com,
sophia-suessmilch,Sophia Süßmilch,Huber,2006,2020-05-30,http://www.etracker.com,
irina-ojovan,Irina Ojovan,Foerg,2013,2020-05-25,http://www.etracker.com,
lina-zylla,Lina Zylla,Förg,2012,2020-05-22,http://www.linazylla.com,
caroline-fischer,Caroline Fischer,Kneffel,2009,2020-05-02,http://www.carolinefischer.eu/,
sophie-schmidt,Sophie Schmidt,Huber,2010,2020-04-29,http://sophieschmidt.info,
jessica-perez,Jessica Perez,Schottenloher,2008,2020-04-24,http://www.etracker.com,
matthias-wohlgenannt,Matthias Wohlgenannt,Hien,2003,2020-04-23,http://www.wohlgenannt-matthias.de,
anuk-miladinovic,Anuk Miladinovic,Peter Kogler,2005,2020-04-19,http://www.etracker.com,
lukas-kindermann,Lukas Kindermann,Kogler,2010,2020-04-10,http://artzine.is/between-publication-and-exhibition-with-lukas-kindermanns-illustrated-london-news-editions/,
yuri-togawa,Yuri Togawa,Jorinde Voigt,2018,2020-04-02,https://yuritogawa.wixsite.com/yuritogawa,
fabian-feichter,Fabian Feichter,Metzel,2006,2020-03-25,http://www.etracker.com,
pio-ziltz,Pio Ziltz,Oehlen,2009,2020-03-15,http://www.etracker.com,
johannes-seyerlein,Johannes Seyerlein,Förg,2002,2020-03-13,http://www.johannesseyerlein.de,
philipp-staehle,Philipp Stähle,Förg,2010,2020-03-03,http://staehleundbrugger.de/,
marie-jaksch,Marie Jaksch,Julian Rosefeldt,2017,2020-02-27,http://www.mariejaksch.com,
eva-blanche,Eva Blanché,Doberauer,2001,2020-02-25,http://www.evablanche.de/,
lea-maria-koehn,Lea Maria Köhn,Wähner,2009,2020-02-12,http://www.lea-koehn.de,
dana-luerken,Dana Lürken,Magdalena Jetelova,2005,2020-02-12,http://www.dana-luerken.de,
sebastian-klein,Sebastian Klein,Oehlen,2009,2020-02-03,http://sebastianklein.xyz/,
babette-boucher,Babette Boucher,Künzli,2005,2020-01-30,http://www.etracker.com,
judith-neunhaeuserer,Judith Neunhaeuserer,Huber,2010,2020-01-23,http://judithneunhaeuserer.info/,
oliver-haussmann,Oliver Haussmann,Pia Fries,2018,2020-01-20,http://www.etracker.com,
emanuel-guarascio,Emanuel Guarascio,Hien,2012,2020-01-12,http://www.etracker.com,
cigdem-akyigit,Cigdem Akyigit,Zeniuk,2009,2020-01-08,http://www.etracker.com,
heeyoung-jo,Heeyoung Jo,Markus Oehlen,2017,2020-01-06,http://www.etracker.com,
nele-ka,Nele Ka,Jorinde Voigt,2017,2020-01-05,http://www.neleka.de/,
esther-weinhold,Esther Weinhold,Fries,2013,2020-01-05,http://estherweinhold.com/,
matthias-walther,Matthias Walther,Stephan Huber,2001,2019-11-29,http://www.etracker.com,
ute-heim,Ute Heim,Huber,2000,2019-11-27,http://www.uteheim.com,
matthias-hirtreiter,Matthias Hirtreiter,Prangenberg,2008,2019-10-30,http://www.matthiashirtreiter.de,
keiyona-c-stumpf,Keiyona C. Stumpf,Prangenberg,2004,2019-10-29,http://www.etracker.com,
katarina-sopcic,Katarina Sopcic,Rehm,2011,2019-10-14,https://vimeo.com/71531667/,
adrian-wald,Adrian Wald,Doberauer,2007,2019-10-14,http://www.adrianwald.com,
hyojoo-jang,Hyojoo Jang,Huber,2013,2019-10-12,http://www.hyojoojang.com,
ariane-wicht,Ariane Wicht,http://www.klasse-waehner.de/kontakt/ariane-wicht/,2011,2019-09-24,http://www.klasse-waehner.de/kontakt/ariane-wicht/,
judit-pschibl,Judit Pschibl,Otto Künzli,2003,2019-09-24,http://www.etracker.com,
stephanie-rumberger,Stephanie Rumberger,Dillemuth,2009,2019-09-03,http://www.etracker.com,
kristina-schmidt,Kristina Schmidt,Förg,2010,2019-08-11,http://www.krstnschmdt.com,
felix-kraus,Felix Kraus,Dillemuth,2007,2019-07-30,http://www.swancollective.com/,
rin-miyamoto,Rin Miyamoto,Förg,2009,2019-07-27,http://www.etracker.com,
thomas-kadar,Thomas Kadar,Ingold,2005,2019-07-23,http://www.thomaskadar.com,
katharina-tatiana-dietmaier,Katharina Tatiana Dietmaier,Fries,2014,2019-07-21,http://www.etracker.com,
christiane-fleissner,Christiane Fleissner,Reineking,1995,2019-07-18,http://www.etracker.com,
maren-prokopowitsch,Maren Prokopowitsch,http://www.fotoklasse-rehm.de/,2014,2019-07-18,http://www.fotoklasse-rehm.de/,
johanna-strobel,Johanna Strobel,Gregor Hildebrandt,2010,2019-07-15,http://www.johannastrobel.com,
youlee-ku,Youlee Ku,Olaf Metzel,2014,2019-07-05,http://www.etracker.com,
kirsten-zeitz,Kirsten Zeitz,Prangenberg,2004,2019-07-02,http://www.etracker.com,
anne-schoenberger-,Anne Schönberger,Doberauer,2016,2019-06-12,http://www.etracker.com,
sebastian-perdighe,Sebastian Perdighe,Klaus vom Bruch,2004,2019-06-09,http://www.etracker.com,
frank-moll,Frank Moll,Foerg,2012,2019-06-03,http://www.frank-moll.de,
melina-hennicker,Melina Hennicker,Hien,2009,2019-05-09,http://www.etracker.com,
kazuyo-yabuuchi,Kazuyo Yabuuchi,Bircken,2013,2019-04-26,http://kazuyoyabuuchi.com/,
sarah-schrimpf,Sarah Schrimpf,Dieter Rehm,2012,2019-04-20,http://www.sarahschrimpf.com/,
hyunsung-park,Hyunsung Park,Kogler,2013,2019-04-14,http://www.etracker.com,
minyoung-paik,Minyoung Paik,Schneider,2008,2019-04-01,http://www.minyoungpaik.com,
sonja-allgaier,Sonja Allgaier,Prangenberg,2008,2019-03-20,http://www.etracker.com,
nadja-baschang,Nadja Baschang,http://www.fotoklasse-rehm.de/index.php/fotoklasse/ausstellungen#,2013,2019-02-18,http://akademie-und-revolution.adbk.de/,
susanne-mueller,Susanne Müller,Oehlen,2011,2019-02-13,http://www.etracker.com,
laurentius-sauer,Laurentius Sauer,Hildebrandt,2011,2019-02-06,http://www.etracker.com,
johanna-schelle,Johanna Schelle,Pitz,2006,2019-02-04,http://www.johannaschelle.de,
nataliya-borushchak,Nataliya Borushchak,Kasseböhmer,2014,2019-01-28,http://www.etracker.com,
marius-menkel,Marius Menkel,Pitz,2014,2019-01-27,http://www.etracker.com,
jinsil-lee,Jinsil Lee,Rehm,2013,2019-01-24,http://www.jinsillee.com,
agnieszka-kaszubowska,"Zuletzt aktualisierte Einträge, adbk München 12:12 MEZ",Baumschlager,,"",http://www.etracker.com,
franz-wanner,Franz Wanner,Res Ingold,2002,2019-01-19,http://roulettepolar.net/,
charlie-stein,Charlie Stein,Merz,2007,2018-12-08,http://www.etracker.com,
daniel-mahrer,Daniel Mahrer,Wähner,2008,2018-12-01,http://www.etracker.com,
jakob-gilg,Jakob Gilg,Bustamante,2014,2018-12-01,http://www.etracker.com,
julian-billmair,Julian Billmair,Rosefeldt,2015,2018-11-29,http://www.julianbillmair.com,
alina-birkner,Alina Birkner,Bustamante,2010,2018-11-26,http://www.etracker.com,
funda-guel-oezcan,Funda Gül Özcan,Huber,2006,2018-11-22,http://www.etracker.com,
maximilian-helk,Maximilian Helk,Oehlen,2010,2018-11-11,http://www.maxi-bayern.de/helk,
yan-cheng,Yan Cheng,Kasseböhmer,2011,2018-11-10,http://www.etracker.com,
dorina-csiszar,Dorina Csiszár,Kasseböhmer,2018,2018-10-29,http://dodart.net/,
vincent-kern,Vincent Kern,Förg,2010,2018-10-28,http://www.etracker.com,
ruth-kolmeder,Ruth Kolmeder,Hien,2010,2018-10-11,http://www.etracker.com,
jia-yoo,Jia Yoo,Anke Doberauer,2015,2018-10-03,http://www.etracker.com,
patrick-ostrowsky,Patrick Ostrowsky,Voigt,2012,2018-09-25,http://www.etracker.com,
christian-hartard,Christian Hartard,Huber,2004,2018-09-19,http://www.hartard.com,
eva-burkhardt,Eva Burkhardt,Huber,2014,2018-08-28,http://www.etracker.com,
rupert-joerg,Rupert Jörg,Julian Rosefeldt,2012,2018-08-21,http://www.etracker.com,
adrian-soelch,Adrian Sölch,Huber,2013,2018-08-03,http://www.adrian-soelch.de,
flow-defoe,"Zuletzt aktualisierte Einträge, adbk München 12:13 MEZ",Baumschlager,,"",http://www.etracker.com,
ana-j-haugwitz,Ana J. Haugwitz,Herrmann Pitz,2003,2018-07-28,http://www.etracker.com,
joerg-besser,Jörg Besser,Toffolutti,2003,2018-07-27,http://de.youtube.com/watch?v=55SfB_5v8II,
eva-haubelt,Eva Haubelt,Dillemuth,2001,2018-07-26,http://www.etracker.com,
bianca-patricia-isensee,Bianca Patricia Isensee,Kneffel,2009,2018-07-24,http://www.etracker.com,
susi-gelb,Susi Gelb,Jetelova,2006,2018-07-22,http://www.susigelb.com,
ryohei-kan,Ryohei Kan,Schneider,2013,2018-07-12,http://www.etracker.com,
hell-gette,Hell Gette,Oehlen,2012,2018-07-09,http://hellgette.com,
sebastian-maas,Sebastian Maas,Kneffel,2013,2018-06-28,http://www.etracker.com,
kristin-brunner,Kristin Brunner,Nikolaus Lang,1998,2018-05-27,http://www.kristinbrunetbrunner.de,
ulla-reiter,Ulla Reiter,Matthias Wähner,2001,2018-05-17,http://www.ullareiter.de,
fabian-aigner,Fabian Aigner,Hien,2008,2018-05-01,"http://www.kunstverein-muenchen.de/index.php?id=5,4,960,1376",
camilla-guttner,Camilla Guttner,Scully,2003,2018-05-01,http://blauhimmel-film.com,
linnea-schwarz,Linnéa Schwarz,Kogler,2012,2018-04-30,http://www.etracker.com,
yutie-lee,Yutie Lee,Gerhart,2008,2018-04-27,http://www.etracker.com,
katrin-petroschkat,Katrin Petroschkat,Schneider,2009,2018-04-20,http://www.katpetroschkat.net,
mariella-kerscher,Mariella Kerscher,Hien,2010,2018-04-07,http://mariellakerscher.de/,
daniel-schuessler,Daniel Schüßler,Gerhart,2002,2018-04-01,http://www.daniel-schuessler.com/,
raphael-weilguni,Raphael Weilguni,Bustamante,2011,2018-03-30,http://www.raphaelweilguni.de,
paulina-nolte,Paulina Nolte,Klaus vom Bruch,2012,2018-03-14,http://www.instagram.com/lilapaulina,
natalia-ava,Natalia Ava,Voigt,2013,2018-03-10,http://www.etracker.com,
anja-ruttkowski,Anja Ruttkowski,Wähner,2002,2018-03-07,http://instagram.com/anja.ruttkowski?ref=badge,
alexandra-gerhold,Alexandra Gerhold,Wähner,2008,2018-03-03,http://www.etracker.com,
esteban-ayalla,Esteban Ayalla,Gerhart,2007,2018-03-02,http://www.estebanayala.com,
hanne-kroll,Hanne Kroll,http://www.klasse-doberauer.de/kroll_hannelore_%7C_klasse_doberauer.html,2007,2018-03-01,http://www.klasse-doberauer.de/kroll_hannelore_%7C_klasse_doberauer.html,
stefanie-hofer,Stefanie Hofer,Kneffel,2010,2018-02-15,http://www.stefaniehofer.de,
claudio-matthias-bertolini,Claudio Matthias Bertolini,Bustamante,2014,2018-02-15,http://www.etracker.com,
hana-kim,Hana Kim,Zeniuk,2010,2018-02-12,http://www.etracker.com,
theresa-scheitzenhammer,Theresa Scheitzenhammer,Brack,2009,2018-02-12,https://vimeo.com/201260793,
michael-schmidt,Michael Schmidt,Hien,2009,2018-02-11,http://www.etracker.com,
nora-endrich,Nora Endrich,Ingold,2012,2018-02-08,http://www.etracker.com,
xaver-scheffer,Xaver Scheffer,Dillemuth,2011,2018-02-05,http://www.etracker.com,
antonia-leitner,Antonia Leitner,Pitz,2012,2018-02-02,http://www.etracker.com,
nicolas-confais,Nicolas Confais,Wähner,2014,2018-01-29,http://www.nicolasconfais.com,
niko-abramidis,Niko Abramidis,Oehlen,2010,2018-01-18,http://www.nikoabramidis.eu,
nico-kiese,Nico Kiese,Prangenberg,2005,2018-01-12,http://www.etracker.com,
elke-dreier,Elke Dreier,Nicolai,2008,2018-01-12,http://elkedreier.de,
mikiko-fujita,Mikiko Fujita,Kneffel,2010,2018-01-07,http://mikikofujita.com,
antoinette-von-saurma,Antoinette von Saurma,Doberauer,2010,2017-12-23,http://www.etracker.com,
eva-schleippmann,Eva Schleippmann,Hien,2006,2017-12-22,http://www.sueddeutsche.de/bayern/kommunalwahl-mit-der-klobuerste-im-wahlkampf-1.1886521,
jessica-hodgkiss,Jessica Hodgkiss,Doberauer,2003,2017-12-19,http://www.etracker.com,
ines-aufgebauer,Ines Aufgebauer,Ingold,2010,2017-11-21,http://www.etracker.com,
judith-adelmann,Judith Adelmann,Prangenberg,2013,2017-11-20,http://judithadelmann.com,
ralf-hannes,Ralf Hannes,Kneffel,2012,2017-11-15,http://www.ralfhannes.com,
hannah-mitterwallner,Hannah Mitterwallner,Wähner,2009,2017-10-30,http://www.etracker.com,
masha-novikov,Masha Novikov,Kneffel,2011,2017-10-16,http://www.etracker.com,
anja-buchheister,Anja Buchheister,Huber,2004,2017-10-03,http://karinwimmer.com,
constanze-penninger,Constanze Penninger,Matthias Wähner,2003,2017-10-03,http://vimeo.com/4314062,
martin-huber,Martin Huber,Pia Fries,2016,2017-09-24,http://www.klassefries.de/,
monika-humm,Monika Humm,Scully,2003,2017-09-17,http://www.monika-humm.de,
viola-relle,Viola Relle,Prangenberg,2012,2017-09-14,http://www.viola-relle.de,
lena-policzka,Lena Policzka,Wähner,2009,2017-09-06,http://www.lenapoliczka.com,
analia-martinez,Analía Martínez,Doberauer,2010,2017-08-28,http://www.etracker.com,
elena-carr,Elena Carr,Ingold,2011,2017-08-22,http://www.etracker.com,
katharina-knaus,Katharina Knaus,Ingold,2008,2017-08-22,http://www.etracker.com,
veronika-hilger,Veronika Hilger,Bustamante,2008,2017-07-23,http://www.etracker.com,
daniel-huss,Daniel Huss,Prangenberg,2011,2017-07-22,http://www.etracker.com,
mark-killian,Mark Killian,Bustamante,2013,2017-07-21,http://www.etracker.com,
anna-weidenhammer,Anna Weidenhammer,Bustamante,2012,2017-07-17,http://www.etracker.com,
julia-walk,Julia Walk,Kogler,2013,2017-07-16,http://www.etracker.com,
olga-wiedenhoeft,Olga Wiedenhoeft,Förg,2006,2017-07-11,http://www.olga-wiedenhoeft.de,
julian-arayapong,Julian Arayapong,Oehlen,2016,2017-07-11,http://www.etracker.com,
christine-liebich,Christine Liebich,Kasseböhmer,2010,2017-07-10,http://www.etracker.com,
lea-grebe,Lea Grebe,Kasseböhmer,2012,2017-07-07,http://www.leagrebe.de,
johannes-thum,Johannes Thum,Hien,2013,2017-07-06,http://theescortartist.com/,
katrin-katsch-blohmann,Katrin Katsch Blohmann,Ingold,2003,2017-06-25,http://www.etracker.com,
andreas-feist,Andreas Feist,Gerhart,2001,2017-06-11,http://www.etracker.com,
christian-jaramillo,Christian Jaramillo,Kasseböhmer,2006,2017-05-29,http://www.christianjaramillo.com,
diana-bobics,Diána Bóbics,Scully,2001,2017-05-29,http://www.bitlabrecords.com/cod/cod008.html,
lisa-gascoigne,Lisa Gascoigne,Scully,2004,2017-05-17,http://www.etracker.com,
florian-tenk,Florian Tenk,Rehm,2011,2017-05-03,http://www.retour.agency,
dorothea-reichenbacher,Dorothea Reichenbacher,Förg,2005,2017-05-03,http://www.etracker.com,
pernilla-henrikson,Pernilla Henrikson,Bustamante,2010,2017-04-19,http://pernillahenrikson.eu/index.html,
lea-stikkelorum,Lea Stikkelorum,Kogler,2009,2017-04-12,http://www.etracker.com,
julika-meyer,Julika Meyer,Schneider,2008,2017-03-28,http://www.julika-meyer.com/,
julia-klemm,Julia Klemm,Prangenberg,2010,2017-03-23,http://www.juliaklemm.de/,
maria-justus,Maria Justus,Bustamante,2010,2017-03-11,http://mariajustus.net,
heike-doescher,Heike Döscher,Förg,1996,2017-02-25,http://www.etracker.com,
sarah-lehnerer,Sarah Lehnerer,Huber,2009,2017-02-25,http://www.sarahlehnerer.de,
eunkyoung-jang,Eunkyoung Jang,Nicolai,2011,2017-02-24,http://www.etracker.com,
youjin-yi,Youjin Yi,Förg,2004,2017-02-20,http://www.etracker.com,
shin-bongchull,Shin Bongchull,Prangenberg,2011,2017-02-14,http://www.etracker.com,
suk-hyun-kim,Suk-hyun Kim,Förg,2010,2017-02-12,http://www.etracker.com,
katharina-korinth,Katharina Korinth,Innenarchitektur,2005,2017-02-08,http://www.etracker.com,
eva-schnitzer,Eva Schnitzer,Schottenloher,2005,2017-02-05,http://www.evaschnitzer.de,
lou-jaworski,Lou Jaworski,Schneider,2008,2017-02-04,http://loujaworski.com/,
christian-huebner,Christian Hübner,Zeniuk,1992,2016-12-20,http://www.christianhuebner.eu,
melanie-siegel,Melanie Siegel,Kneffel,2008,2016-12-15,http://www.melanie-siegel.de,
henriette-hufgard,Henriette Hufgard,Wähner,2011,2016-12-02,http://www.etracker.com,
thomas-silberhorn,Thomas Silberhorn,Huber,2008,2016-12-01,http://www.thomas-silberhorn.com,
asja-schubert,Asja Schubert,Rehm,2007,2016-11-27,http://www.etracker.com,
kerstin-ullsperger,Kerstin Ullsperger,Hien,2010,2016-11-20,http://www.etracker.com,
sylvia-langenbrinck,Sylvia Langenbrinck,Gerhart,2003,2016-11-13,http://www.etracker.com,
mohamed-al-kadri,Mohamed al Kadri,kasseböhmer,2011,2016-11-11,http://www.etracker.com,
jessica-kallage-goetze,Jessica Kallage-Götze,Prangenberg,2003,2016-09-23,http://www.jessica-kallage-goetze.com/news.html,
teresa-hoerl,Teresa Hörl,Ingold,2010,2016-09-20,https://vimeo.com/183338005,
hiba-al-ansari,Hiba Al Ansari,Gregor Schneider,2014,2016-08-31,http://www.etracker.com,
hanna-zwerger,Hanna Zwerger,Dengler,1996,2016-08-29,http://www.hanna-zwerger.de,
daniela-overbeck,Daniela Overbeck,Wähner,2010,2016-08-22,http://www.etracker.com,
jungmin-ma,Jungmin Ma,Huber,2014,2016-08-09,http://www.etracker.com,
sandra-hauser,Sandra Hauser,Huber,2006,2016-08-05,http://www.sandrahauser.org,
sabine-franczuszki,Sabine Franczuszki,Bustamante,2009,2016-08-01,http://www.etracker.com,
catalin-pislaru,Catalin Pislaru,Bustamante,2013,2016-07-29,http://www.catalinpislaru.eu/p3/index.php/,
nadja-zaengerlein,Nadja Zängerlein,Dillemuth,2010,2016-07-29,http://www.etracker.com,
gabi-blum,Gabi Blum,Huber,2008,2016-07-25,http://www.GABIBLUM.de,
julia-ferner,Julia Ferner,Doberauer,2011,2016-07-17,http://www.etracker.com,
young-in-son,Young-in Son,Oehlen,2009,2016-07-16,http://www.etracker.com,
joseph-cornelius,Joseph Cornelius,Kasseböhmer,2009,2016-07-11,http://www.josephcornelius.com,
steffen-kern,Steffen Kern,Kneffel,2010,2016-07-07,http://www.steffenkern.com,
martina-salzberger,Martina Salzberger,Kasseböhmer,1995,2016-06-27,http://www.martina-salzberger.de,
noemi-streber,Noemi Streber,Zeniuk,2010,2016-06-22,http://www.aaber.de/noemi-streber-nominiert-fur-den-aaber-award-2012/,
violetta-abate,Violetta Abate,Klaus vom Bruch,2009,2016-06-20,http://www.etracker.com,
nazli-alkaya,Nazli Alkaya,Norbert Pranganberg,2007,2016-06-15,http://nazlialkaya.com/,
yiy-zhang,Yiy Zhang,Schneider,2014,2016-06-07,http://www.etracker.com,
amelie-koeppel,Amelie Köppel,Doberauer,2012,2016-06-03,http://www.etracker.com,
dieter-schmidt,Dieter Schmidt,Rehm,2011,2016-05-08,http://www.etracker.com,
ivan-schmidt,Ivan Schmidt,Doberauer,2005,2016-04-27,http://www.ivanschmidt.de/,
max-zuzak,Max Zuzak,Prangenberg,2007,2016-04-27,http://www.etracker.com,
masayo-oda,Masayo Oda,Prangenberg,1998,2016-04-26,http://www.etracker.com,
daniel-door,Daniel Door,Ingold,2005,2016-04-19,http://www.etracker.com,
regine-rode,Regine Rode,Oehlen,2009,2016-04-16,http://www.reginerode.de,
pia-winkenstern,Pia Winkenstern,Kneffel,2010,2016-04-07,http://winkenstern.de,
ruth-effer,Ruth Effer,Schottenloher,1993,2016-04-06,http://www.etracker.com,
hsiao-shu-chen,Hsiao-Shu Chen,Prangenberg,2009,2016-04-02,http://www.etracker.com,
michaela-andrae,Michaela Andrae,Ingold,2012,2016-03-11,http://www.co-laborativ.net,
anina-stolz,Anina Stolz,Voigt,2007,2016-03-07,http://www.etracker.com,
grainne-mc-menamin,Grainne Mc Menamin,Matthias Wähner,2004,2016-02-19,http://www.etracker.com,
max-schranner,Max Schranner,Merz,2002,2016-02-17,http://www.maxschranner.de/,
juergen-boehm,Jürgen Böhm,Jetelova,2004,2016-02-16,http://www.juergen-boehm.de,
anna-carina-stolz,Anna-Carina Stolz,Zeniuk,2007,2016-01-12,http://www.etracker.com,
afshin-karimi-fard,Afshin Karimi Fard,Zeniuk,2010,2016-01-10,http://www.etracker.com,
paola-alvarado,Paola Alvarado,Kogler,2003,2016-01-07,http://www.etracker.com,
claudia-waldner,Claudia Waldner,Bruch,2005,2015-12-28,http://www.kunsthaus-zofingen.ch,
alina-grasmann,Alina Grasmann,Kneffel,2009,2015-12-21,http://www.kneffel.de/klasse/klasse_muenchen/alinagrasmann/start.html,
kamila-palubicka,Kamila Palubicka,Förg,2003,2015-12-16,http://www.etracker.com,
jessica-zaydan,Jessica Zaydan,Rehm,2009,2015-12-09,http://vimeo.com/16622026,
silvia-maradea,Silvia Maradea,Toffolutti,2002,2015-12-08,http://www.anhaltisches-theater.de/kaspar_haeuser_meer,
si-young,Si Young,Kasseböhmer,2000,2015-12-08,http://www.etracker.com,
carolin-cosima-oel,Carolin Cosima Oel,Bustamante,2009,2015-11-22,http://www.etracker.com,
janine-mackenroth,Janine Mackenroth,Kasseböhmer,2010,2015-10-27,http://www.etracker.com,
helmut-maier,Helmut Maier,Hien,2014,2015-10-26,http://www.etracker.com,
agnes-jaensch,Agnes Jänsch,Weizsäcker,2007,2015-10-19,http://www.etracker.com,
sara-chaparro,Sara Chaparro,Kogler,2013,2015-10-14,http://www.chaparrosara.com/,
ricarda-maurizio,Ricarda Maurizio,Dillemuth,2013,2015-10-12,http://www.etracker.com,
johanna-selge,Johanna Selge,Dillemuth,2009,2015-10-11,http://www.etracker.com,
felix-rodewaldt,Felix Rodewaldt,Kogler,2009,2015-10-06,http://rodewaldt.de,
saskia-zimmermann,Saskia Zimmermann,Förg,2009,2015-09-25,http://www.etracker.com,
chih-hung-kuo,Chih-Hung Kuo,Kneffel,2011,2015-09-10,http://www.flickr.com/photos/benjamintopf/,
kerstin-unseld,Kerstin Unseld,Schottenloher,2009,2015-08-31,http://www.etracker.com,
christian-probst,Christian Probst,Kneffel,2008,2015-08-30,http://maurohoracio.com/,
jangwoo-you,Jangwoo You,Schneider,2014,2015-08-24,http://www.etracker.com,
yeonsoo-kim,Yeonsoo Kim,Doberauer,2011,2015-08-07,http://www.etracker.com,
anja-bueld,Anja Büld,Toffolutti,2002,2015-08-07,http://www.etracker.com,
veronika-christine-draexler,Veronika Christine Dräxler,Bruch,2011,2015-07-30,http://veronikadraexler.de/,
florian-schaumberger,Florian Schaumberger,Bruch,2010,2015-07-29,http://www.florianschaumberger.de,
anne-pfeifer,Anne Pfeifer,Voigt,2012,2015-07-22,http://www.annepfeifer.com,
melanie-feigenbaum,Melanie Feigenbaum,Förg,2011,2015-07-17,http://www.etracker.com,
pedro-sequeira,Pedro Sequeira,Künzli,2001,2015-07-15,http://www.etracker.com,
jenny-forster,Jenny Forster,Kneffel,2008,2015-06-24,http://www.jenny-forster.de,
angela-stiegler,Angela Stiegler,Pitz,2007,2015-06-09,http://angelastiegler.de/,
yih-han-wu,Yih-Han Wu,Doberauer,2010,2015-05-08,http://www.etracker.com,
chionia-rothkegel,Chionia Rothkegel,Wähner,2011,2015-05-03,http://chionia-rothkegel.com,
florian-lechner,Florian Lechner,Pitz,2006,2015-04-09,http://www.florianlechner.eu,
irmi-wahl,Irmi Wahl,Ingold,2004,2015-04-06,http://www.etracker.com,
elena-koch,Elena Koch,Hien,2010,2015-03-18,http://www.etracker.com,
annamaria-leiste,Annamaria Leiste,Künzli,2010,2015-03-17,http://www.etracker.com,
fumie-ogura,Fumie Ogura,Pitz,2009,2015-02-17,http://www.bbk-muc-obb.de/galerie.html,
carola-mann,Carola Mann,Förg,2000,2015-01-14,http://www.carolamann.de,
paul-hiller,Paul Hiller,Bruch,2007,2015-01-12,http://www.paulmunich.de,
felix-kruis,Felix Kruis,Huber,2011,2015-01-10,http://www.felixkruis.com,
lucida-de-la-montagne,Lucida de la Montagne,Merz,2002,2014-12-29,http://www.etracker.com,
daniela-maerkl,Daniela Märkl,Hien,2008,2014-12-07,http://www.etracker.com,
maria-zillich,Maria Zillich,Rehm,2005,2014-11-30,http://www.etracker.com,
brigitte-stenzel,Brigitte Stenzel,Doberauer,2006,2014-11-13,http://www.brigitte-stenzel.de,
leon-vom-schwarzenberg,Leon vom Schwarzenberg,Bruch,2010,2014-11-07,http://www.etracker.com,
franziska-zoepfel,Franziska Zöpfel,Dillemuth,2007,2014-10-19,http://www.etracker.com,
silke-markefka,Silke Markefka,Förg,2002,2014-09-23,http://www.silkemarkefka.com,
juliana-maria-hermans,Juliana Maria Hermans,Hien,2010,2014-09-07,http://www.etracker.com,
ekaterina-puchinina,Ekaterina Puchinina,Förg,2012,2014-08-28,http://www.etracker.com,
zsanett-jeck,Zsanett Jeck,Doberauer,2008,2014-08-12,http://www.etracker.com,
franziska-schwarz,Franziska Schwarz,Magdalena Jetelova,2001,2014-08-09,http://www.etracker.com,
stefanie-hubner,Stefanie Hubner,Doberauer,2008,2014-07-27,http://www.malerei-hubner.de/,
thomas-breitenfeld,Thomas Breitenfeld,Prangenberg,2010,2014-07-25,http://www.thomas-breitenfeld.com,
tatjana-utz,Tatjana Utz,Scully,2001,2014-07-21,http://www.tatjana-utz.de/,
elena-baron,Elena Baron,Hien,2007,2014-07-20,http://www.etracker.com,
andreas-mutter,Andreas Mutter,Prangenberg,2008,2014-07-13,http://www.andreas-mutter.de,
anna-kluessendorf,Anna Klüssendorf,Kneffel,2003,2014-07-10,http://www.anna-klüssendorf.de/,
martin-goepfert,Martin Göpfert,Oehlen,2005,2014-06-14,http://www.xing.com/profile/Martin_Goepfert,
katrin-bertram,Katrin Bertram,Huber,2008,2014-06-05,http://www.katrinbertram.com,
lydia-thomas,Lydia Thomas,Doberauer,2009,2014-05-19,http://www.etracker.com,
beate-zollbrecht,Beate Zollbrecht,Magdalena Jetelova,2007,2014-05-10,http://www.etracker.com,
julia-beer,Julia Beer,Förg,2007,2014-05-09,http://www.etracker.com,
korbinian-jaud,Korbinian Jaud,Huber,2005,2014-04-19,http://www.korbinianjaud.com/,
christian-hoedl,Christian Hoedl,Otto Künzli,1999,2014-04-13,http://www.etracker.com,
karin-stiefler,Karin Stiefler,Kogler,2006,2014-04-07,http://www.etracker.com,
katharina-schmidmayer,Katharina Schmidmayer,Wähner,2003,2014-03-18,http://www.katharinaschmidmayer.de,
ulrike-riede,Ulrike Riede,Dengler,1996,2014-02-25,http://www.ulrikeriede.com,
heike-jobst,Heike Jobst,Pitz,2002,2014-02-13,http://www.heike-jobst.de,
johannes-tassilo-walter,Johannes Tassilo Walter,Oehlen,2008,2014-01-31,http://www.etracker.com,
raphael-samay,Raphael Samay,Kneffel,2011,2014-01-24,http://www.etracker.com,
julia-ziegelmaier,Julia Ziegelmaier,Scully,2002,2014-01-23,http://www.etracker.com,
okin-cznupolowsky,Okin Cznupolowsky,Oehlen,2009,2014-01-09,http://www.etracker.com,
stefanie-mueller,Stefanie Müller,Hien,2005,2014-01-02,http://www.etracker.com,
sun-ah,Sun-Ah,Kasseböhmer,2004,2013-12-18,http://www.etracker.com,
sebastian-rauscher,Sebastian Rauscher,Prangenberg,2004,2013-12-18,http://www.etracker.com,
julia-maria-entner,Julia Maria Entner,Wähner,2009,2013-12-13,http://www.etracker.com,
julia-buechting,Julia Büchting,Metzel,2011,2013-12-13,http://www.etracker.com,
miriam-schiran,Miriam Schiran,Jetelova,2001,2013-12-10,http://www.etracker.com,
tereza-hrabec,"Zuletzt aktualisierte Einträge, adbk München 12:16 MEZ",Baumschlager,,"",http://www.etracker.com,
sofia-arvaniti,Sofia Arvaniti,Förg,2005,2013-12-08,http://www.etracker.com,
artur-lesniewicz,Artur Lesniewicz,Oehlen,2011,2013-12-08,http://arturl.tumblr.com/,
jessica-treffler,Jessica Treffler,Schottenloher,2006,2013-12-06,http://www.frischkunst.de,
boris-maximov,Boris Maximov,Hien,2005,2013-12-04,http://www.etracker.com,
roland-burkart,Roland Burkart,Kogler,2010,2013-12-04,http://www.roland-burkart.net/,
paul-kotter,Paul Kotter,Hien,2006,2013-11-22,http://www.etracker.com,
luiza-taracha,Luiza Taracha,Prangenberg,2010,2013-11-03,http://www.etracker.com,
christian-muscheid,Christian Muscheid,Zeniuk,2003,2013-10-28,http://www.etracker.com,
yoojin-jang,Yoojin Jang,Oehlen,2011,2013-10-26,http://www.etracker.com,
felix-burger,"Zuletzt aktualisierte Einträge, adbk München 12:17 MEZ",Baumschlager,,"",http://www.etracker.com,
martin-blumoehr,Martin Blumöhr,Doberauer,2004,2013-10-14,http://WWW.MARTIN-BLUMOEHR.DE,
jonas-glotz,Jonas Glotz,http://www.klasse-waehner.de/doku.php?id=angehoerige:jonas_glotz,2005,2013-10-01,http://www.klasse-waehner.de/doku.php?id=angehoerige:jonas_glotz,
aurelie-dupin,Aurélie Dupin,Prangenberg,2005,2013-09-30,http://aureliedupin.com/,
sascha-wuillemet,Sascha Wuillemet,Doberauer,2003,2013-09-26,http://www.etracker.com,
johannes-n-seefried,Johannes N. Seefried,Zeniuk,2007,2013-09-20,http://www.Johannes-Seefried.de,
susanne-beurer,Susanne Beurer,Huber,2009,2013-09-20,http://www.etracker.com,
carmen-schaub,Carmen Schaub,Prangenberg,2008,2013-09-19,http://vimeo.com/74406220,
andreas-horsky,Andreas Horsky,Oehlen,2007,2013-08-28,http://andreashorsky.wordpress.com/,
linda-sollacher,Linda Sollacher,Brack,2010,2013-08-23,http://www.etracker.com,
christian-heck,Christian Heck,Pitz,2008,2013-08-18,http://noparts.org/,
sebastian-dominic-auer,Sebastian Dominic Auer,Brack,2010,2013-07-25,http://vimeo.com/66631363,
sarah-zagefka,Sarah Zagefka,Kneffel,2009,2013-07-15,http://www.zagefka.de,
florence-buehr,Florence Bühr,Klaus vom Bruch,2000,2013-07-14,http://www.turnturnturn.tv,
constantin-von-canal,Constantin von Canal,Ingold,2010,2013-07-12,http://www.etracker.com,
simone-kessler,Simone Kessler,Huber,2007,2013-07-04,http://www.simonekessler.de,
denitsa-petrova,Denitsa Petrova,Kasseböhmer,2006,2013-06-23,http://www.denitsapetrova.com,
judith-hagen,Judith Hagen,Prangenberg,2007,2013-06-23,http://www.judith-hagen.de,
anja-muench,Anja Münch,Bruch,2007,2013-06-09,http://www.anjamuench.de/,
nikola-johannsen,Nikola Johannsen,Weizsäcker,2007,2013-05-13,http://www.etracker.com,
michele-melillo,Michele Melillo,Kasseböhmer,2001,2013-05-06,http://www.nicolegnesa.de/k/melillo/works.html,
raphael-grotthuss,Raphael Grotthuss,Pitz,2010,2013-05-03,http://www.etracker.com,
emsor-escapo,Emsor Escapo,Kneffel,2009,2013-03-24,http://www.emsorescapo.de/,
ulrich-pfannschmidt,Ulrich Pfannschmidt,Förg,2005,2013-03-14,http://www.etracker.com,
laura-dietz,Laura Dietz,Kogler,2008,2013-02-18,http://www.grossekunstausstellungmuenchen.de/gka2011/seiten/kuenstler_einz/dietz-l.html,
martha-marie-pinsker,Martha-Marie Pinsker,Brack,2011,2013-02-14,http://www.etracker.com,
mario-misura,Mario Misura,Rehm,2012,2013-02-12,http://www.etracker.com,
johannes-koch,Johannes Koch,Zeniuk,2005,2013-02-05,http://goaheadyoungman.wordpress.com/,
oliver-winheim,Oliver Winheim,Dillemuth,2002,2013-02-03,http://www.oliverwinheim.de/,
katrin-agnes-klar,Katrin Agnes Klar,Kogler,2010,2013-01-24,http://www.katrinagnes.com,
david-blitz,David Blitz,Bruch,2002,2013-01-14,http://www.davidblitz.org,
tim-freiwald,Tim Freiwald,Zeniuk,2007,2013-01-09,http://www.timfreiwald.com,
caro-jost,Caro Jost,Bustamante,2012,2013-01-06,http://www.etracker.com,
mitja-spaninger,Mitja Spaninger,Jetelova,2009,2013-01-05,http://vimeo.com/10953084,
max-schmoelz,Max Schmölz,Wähner,2007,2012-12-21,http://maxschmoelz.wordpress.com/,
petra-gregorovic,Petra Gregorovic,K.v.Bruch,1998,2012-12-12,http://www.etracker.com,
frank-balve,Frank Balve,Prangenberg,2010,2012-12-11,http://www.frankbalve.de,
anna-schoelss,Anna Schölß,Kogler,2004,2012-12-11,http://annaschoelss.de/,
felix-leon-westner,Felix Leon Westner,Nicolai,2008,2012-11-14,http://www.etracker.com,
conny-kestel,Conny Kestel,Innenarchitektur,2003,2012-11-13,http://www.etracker.com,
hanna-franzika-staudenmaier,Hanna Franzika Staudenmaier,FÃ¶rg,2003,2012-11-09,http://www.youtube.com/watch?v=AOEfRGN_Eas,
elisabeth-wieser,Elisabeth Wieser,Oehlen,2006,2012-11-01,http://www.etracker.com,
janna-pinsker,"Zuletzt aktualisierte Einträge, adbk München 12:17 MEZ",Baumschlager,,"",http://www.etracker.com,
philipp-brosche,Philipp Brosche,Wähner,2010,2012-10-29,http://www.etracker.com,
clea-stracke,Clea Stracke,Toffolutti,2001,2012-09-28,http://www.etracker.com,
evelyn-hribersek,Evelyn Hribersek,Toffolutti,2004,2012-09-19,http://www.orpheus2012.com,
benjamin-hugl,Benjamin Hugl,Hien,2009,2012-09-18,http://www.etracker.com,
mike-herbig,Mike Herbig,Jetelova,2008,2012-08-30,http://www.etracker.com,
josef-jaud,Josef Jaud,Herrmann Pitz,2001,2012-08-10,http://www.josefjaud.de,
daniel-permanetter,Daniel Permanetter,Huber,2000,2012-08-03,http://www.danielpermanetter.info,
nicola-hanke,Nicola Hanke,Kneffel,1998,2012-07-26,http://www.etracker.com,
bernadett-gera,Bernadett Gera,Rehm,2009,2012-07-20,http://www.etracker.com,
daisuke-ogura,Daisuke Ogura,Prangenberg,2003,2012-07-15,http://www.daisuke-ogura.de,
moritz-dometshauser,Moritz Dometshauser,Matthias Wähner,2006,2012-07-14,http://www.moritzdometshauser.de/,
jihwan-park,Jihwan Park,Rehm,2010,2012-07-02,http://www.etracker.com,
melinda-kiefer,Melinda Kiefer,Dillemuth,2002,2012-06-28,http://www.melindakiefer.de,
anna-isabell-gross,Anna Isabell Groß,Huber,2006,2012-06-11,http://www.etracker.com,
jeanine-long,Jeanine Long,Kasseböhmer,2007,2012-05-30,http://www.etracker.com,
jorge-castellanos,Jorge Castellanos,Oehlen,2008,2012-04-29,http://jorgecastellanos.tk/,
denis-stepanovic,Denis Stepanovic,Oehlen,2004,2012-04-28,http://www.stepanovic.com,
annemarie-roesch,"Zuletzt aktualisierte Einträge, adbk München 12:18 MEZ",Baumschlager,,"",http://www.etracker.com,
bea-herpich,Bea Herpich,Doberauer,2007,2012-04-15,http://www.etracker.com,
fabian-fratzscher,Fabian Fratzscher,Metzel,2011,2012-03-31,http://www.etracker.com,
aiko-okamoto,Aiko Okamoto,Bruch,2008,2012-02-20,http://mo.bubunation.de,
gordon-hogan,Gordon Hogan,Huber,1999,2012-02-01,http://www.gordonhogan.com,
verena-frensch,Verena Frensch,Lang,2005,2012-02-01,http://www.etracker.com,
masahiko-kato,Masahiko Kato,Doberauer,2009,2012-01-22,http://www.behance.net/masahikokato,
martin-mayer,Martin Mayer,Ingold,2003,2012-01-22,http://vimeo.com/16118163,
anna-krammig,Anna Krammig,Kneffel,2008,2011-12-27,http://www.annakrammig.com/index.php?id=71,
mariana-renthel,Mariana Renthel,Kasseböhmer,2007,2011-12-08,http://soundcloud.com/tustu/este1,
susanne-dirschowski,Susanne Dirschowski,Pitz,2004,2011-12-06,http://www.etracker.com,
dimen-stantchev,Dimen Stantchev,Kasseböhmer,2001,2011-11-05,http://www.etracker.com,
guo-qi,Guo Qi,Scully,2004,2011-10-24,http://www.etracker.com,
benjamin-planitzer,Benjamin Planitzer,Gerhart,2006,2011-10-20,http://www.benjamin-planitzer.de,
ellen-strasser,Ellen Strasser,Reipka,1989,2011-10-06,http://www.etracker.com,
denise-flamme,Denise Flamme,Pitz,2008,2011-10-02,http://boundmorpheme.blogspot.com/,
natalie-wild,Natalie Wild,Jetelova,2009,2011-09-13,http://youtu.be/VbvB4aMEEx4,
michael-gerngross,Michael Gerngroß,Zeniuk,,"",http://www.michaelgerngross.de,
johannes-brechter,Johannes Brechter,Pitz,2004,2011-09-06,http://johannesbrechter.de/,
johannes-karl,Johannes Karl,Stephan Dillemuth,2002,2011-08-13,http://www.ed-water.de,
nina-maerkl,Nina Märkl,Huber,2002,2011-08-11,http://ninamaerkl.com,
angela-leidl,Angela Leidl,Innenarchitektur,2006,2011-08-01,http://www.etracker.com,
josef-uiberlacher,Josef Uiberlacher,Prangenberg,2001,2011-06-16,http://www.etracker.com,
anna-kapsner,Anna Kapsner,Ingold,2003,2011-05-30,http://www.etracker.com,
wona-cho,Wona Cho,Pitz,2006,2011-05-13,http://www.wonacho.com,
lisa-degele,Lisa Degele,Ingold,2004,2011-04-29,http://www.etracker.com,
luiz-henrique-coelho,Luiz Henrique Coelho,Doberauer,2010,2011-04-26,http://www.etracker.com,
chao-song,Chao Song,Prangenberg,2004,2011-04-25,http://www.etracker.com,
ramona-schintzel,Ramona Schintzel,Kasseböhmer,2002,2011-04-16,http://www.etracker.com,
florian-froese-peeck,Florian Froese-Peeck,Huber,2004,2011-03-28,http://www.bildhauerarbeiten.com,
andreas-wittmann,Andreas Wittmann,Wähner,2003,2011-03-18,http://www.etracker.com,
katharina-pfeiffer,Katharina Pfeiffer,Hien,2004,2011-03-16,http://www.etracker.com,
fatemeh-hosseinzadeh-dovalkhani,Fatemeh Hosseinzadeh Dovalkhani,Bruch,2009,2011-03-03,http://www.etracker.com,
claudia-marr,Claudia Marr,Pitz,2008,2011-03-01,http://www.etracker.com,
sinan-von-stietencron,Sinan von Stietencron,Ingold,2007,2011-02-28,http://www.vonstietencron.de,
dominik-schuberth,Dominik Schuberth,Doberauer,2003,2011-02-13,http://www.dominik-schuberth.com,
martina-mitterer,Martina Mitterer,Res Ingold,2004,2011-02-11,http://www.etracker.com,
susanne-fleischmann,Susanne Fleischmann,Zeniuk,2004,2011-02-04,http://www.susannefleischmann.com,
nicola-von-thurn,Nicola von Thurn,Ingold,2004,2011-02-03,http://www.nicolavonthurn.de,
heidi-muehlschlegel,Heidi Mühlschlegel,Prangenberg,1990,2011-01-23,http://www.heidi-muehlschlegel.de/,
saskia-neuhaus,Saskia Neuhaus,Doberauer,2004,2011-01-13,http://saskianeuhaus.de/,
katja-mutz,Katja Mutz,Hien,2004,2011-01-10,http://www.katjamutz.de,
christian-illi,Christian Illi,Förg,2010,2010-12-08,http://www.etracker.com,
thomas-piwonka,Thomas Piwonka,Wähner,2008,2010-12-07,http://www.thomaspiwonka.de,
johanna-fertl,Johanna Fertl,Ingold,2001,2010-12-05,http://www.etracker.com,
julia-kissina,Julia Kissina,Michaela Melián,1990,2010-12-01,http://www.kunsthalle-zoo.de,
helin-yildirim,"Zuletzt aktualisierte Einträge, adbk München 12:19 MEZ",Baumschlager,,"",http://www.etracker.com,
kilian-blees,Kilian Blees,Res Ingold,2003,2010-11-16,http://www.etracker.com,
lukas-duerr,Lukas Dürr,Doberauer,2004,2010-10-16,http://www.etracker.com,
gerald-kukla,Gerald Kukla,Ingold,2003,2010-09-04,http://www.pozr.net,
shirin-botas,Shirin Botas,Metzel,2006,2010-09-03,http://www.etracker.com,
sonja-buehler,Sonja Bühler,Gerhart,2003,2010-08-16,http://www.etracker.com,
sarah-wohlmuth,Sarah Wohlmuth,Nikolaus Lang,2001,2010-08-04,http://www.etracker.com,
anja-hatt,Anja Hatt,Peter Kogler,2006,2010-07-19,http://www.etracker.com,
luisa-koch,Luisa Koch,Prangenberg,2007,2010-07-11,http://www.luisakoch.com,
eva-kronseder,Eva Kronseder,Pitz,2004,2010-07-06,http://www.etracker.com,
katja-fischer,Katja Fischer,Doberauer,2004,2010-06-02,http://www.etracker.com,
you-jin-yi,"Zuletzt aktualisierte Einträge, adbk München 12:19 MEZ",Baumschlager,,"",http://www.etracker.com,
sebastian-poellmann,Sebastian Pöllmann,Förg,2000,2010-05-10,http://www.sebastian-poellmann.de,
peter-schreyer,Peter Schreyer,Doberauer,2005,2010-05-06,http://www.etracker.com,
sylvie-arlaud,Sylvie Arlaud,Baschang,2000,2010-05-05,http://www.Galerie-Lichtpunkt.de,
korina-kaisershot,Korina Kaisershot,Wähner,2003,2010-05-04,http://www.etracker.com,
elisabeth-baumgartner,Elisabeth Baumgartner,http://www.klasse-waehner.de/doku.php?id=angehoerige:elli_baumgartner,2002,2010-04-14,http://www.klasse-waehner.de/doku.php?id=angehoerige:elli_baumgartner,
martin-lersch,Martin Lersch,Innenarchitektur,2007,2010-04-12,http://www.martinlersch.de/,
oliver-westerbarkey,Oliver Westerbarkey,Prangenberg,1999,2010-03-17,http://www.oliverwesterbarkey.com,
michael-papamichael,Michael Papamichael,Andreas von Weizsäcker,2004,2010-01-11,http://www.etracker.com,
michiru-sekiguchi,Michiru Sekiguchi,Jetelova,2006,2010-01-07,http://se.me-em.es/,
sonja-ismayr,Sonja Ismayr,Hien,2003,2010-01-07,http://www.etracker.com,
saba-bussmann,Saba Bussmann,Klaus vom Bruch,1994,2009-12-11,http://vimeo.com/2287373,
jadranka-kosorcic,Jadranka Kosorcic,Jerry Zeniuk,1994,2009-12-09,http://registry.whitecolumns.org/view_artist.php?artist=6301,
gyuok-jeong,Gyuok Jeong,Scully,2002,2009-11-04,http://www.etracker.com,
florian-geierstanger,Florian Geierstanger,Huber,2003,2009-10-26,http://florian.geierstanger.org/sucre,
barbara-trost,Barbara Trost,Bruch,2006,2009-10-21,http://www.etracker.com,
bianca-keck,Bianca Keck,Innenarchitektur,2006,2009-09-11,http://www.etracker.com,
maria-llop-sarsanedas,Maria Llop Sarsanedas,Weizsäcker,2008,2009-07-27,http://www.etracker.com,
anke-angermeyer,Anke Angermeyer,Ingold,2005,2009-07-19,http://www.i-crew.org,
julia-wallner,Julia Wallner,http://www.klasse-waehner.de/doku.php?id=wallner:julia_wallner,2003,2009-07-13,http://www.flickr.com/photos/9468629@N07/,
gabi-busch,Gabi Busch,Matthias Wähner,2004,2009-07-06,http://www.etracker.com,
peter-reill,Peter Reill,Prangenberg,1993,2009-05-15,http://www.reillplast.de,
daniel-m-fabry,Daniel M. Fabry,Bruch,2004,2009-05-06,http://www.gegen-w-art.de,
eun-young-hwang,Eun Young Hwang,Prangenberg,2005,2009-03-24,http://www.etracker.com,
sabine-rosenberger,Sabine Rosenberger,Prangenberg,2001,2009-03-10,http://www.sabine-rosenberger.com,
maria-klessinger,Maria Klessinger,Res Ingold,2002,2009-01-29,http://www.etracker.com,
boris-maksimov,"Zuletzt aktualisierte Einträge, adbk München 12:19 MEZ",Baumschlager,,"",http://www.etracker.com,
bodo-schramm,Bodo Schramm,Ingold,2004,2008-12-09,http://www.bodoschramm.com,
felix-honsberg,Felix Honsberg,Matthias Wähner,2002,2008-11-11,http://www.etracker.com,
julia-berktold,Julia Berktold,Innenarchitektur,2001,2008-10-15,http://www.sueddeutsche.de/muenchen/artikel/437/80357,
christine-muehlthaler,Christine Mühlthaler,Dillemuth,2003,2008-08-26,http://www.etracker.com,
audur-jonsdottir,Auður Jónsdóttir,Prangenberg,1999,2008-08-11,http://www.audurjonsdottir.com,
susanne-schranner,Susanne Schranner,Wähner,2004,2008-07-03,http://www.etracker.com,
lisa-koedel,Lisa Ködel,Scully,2001,2008-06-28,http://www.lisa-koedel.de,
ivan-mellauner,Ivan Mellauner,Dillemuth,2001,2008-06-24,http://ivan-mellauner.com,
young-soon-ku,Young-Soon Ku,Jetelová,2006,2008-06-04,http://www.etracker.com,
emilia-scharfe,Emilia Scharfe,Gerhart,2001,2008-06-04,http://www.emiliascharfe.de,
matthias-metz,Matthias Metz,Toffolutti,2007,2007-11-01,http://www.etracker.com,
essi-utriainen,Essi Utriainen,Prangenberg,1998,2007-10-23,http://www.essi-utriainen.com,
lisa-gloekler,Lisa Glökler,Matthias Wähner,2001,2007-07-18,http://www.etracker.com,
jeffrey-veit,Jeffrey Veit,Zeniuk,2005,2007-05-25,http://www.klassezeniuk.de,
manuela-hartel,Manuela Hartel,Klaus vom Bruch,1999,2007-04-17,http://www.manuelahartel.de,
wolfgang-jung,Wolfgang Jung,Matthias Wähner,2001,2007-04-11,http://www.etracker.com,
isabel-haase,Isabel Haase,Metzel,1998,2007-02-28,http://www.isabelhaase.com,
susanne-wagner,Susanne Wagner,Pitz,1998,2007-02-28,http://www.susannewagner.com,
bjoern-christoph-wallbaum,Björn Christoph Wallbaum,Jetelowa,2003,2007-01-12,http://www.etracker.com,
dorothea-seror,Dorothea Seror,Klaus vom Bruch,1990,2006-12-01,http://www.etracker.com,
susanne-reuther,Susanne Reuther,Matthias Wähner,2003,2006-11-01,http://www.etracker.com,
